-- MySQL dump 10.13  Distrib 5.7.10, for Win64 (x86_64)
--
-- Host: localhost    Database: had1
-- ------------------------------------------------------
-- Server version	5.7.10-log

/*!40101 SET @OLD_CHARACTER_SET_CLIENT=@@CHARACTER_SET_CLIENT */;
/*!40101 SET @OLD_CHARACTER_SET_RESULTS=@@CHARACTER_SET_RESULTS */;
/*!40101 SET @OLD_COLLATION_CONNECTION=@@COLLATION_CONNECTION */;
/*!40101 SET NAMES utf8 */;
/*!40103 SET @OLD_TIME_ZONE=@@TIME_ZONE */;
/*!40103 SET TIME_ZONE='+00:00' */;
/*!40014 SET @OLD_UNIQUE_CHECKS=@@UNIQUE_CHECKS, UNIQUE_CHECKS=0 */;
/*!40014 SET @OLD_FOREIGN_KEY_CHECKS=@@FOREIGN_KEY_CHECKS, FOREIGN_KEY_CHECKS=0 */;
/*!40101 SET @OLD_SQL_MODE=@@SQL_MODE, SQL_MODE='NO_AUTO_VALUE_ON_ZERO' */;
/*!40111 SET @OLD_SQL_NOTES=@@SQL_NOTES, SQL_NOTES=0 */;

--
-- Table structure for table `gdp_districtwise`
--

DROP TABLE IF EXISTS `gdp_districtwise`;
/*!40101 SET @saved_cs_client     = @@character_set_client */;
/*!40101 SET character_set_client = utf8 */;
CREATE TABLE `gdp_districtwise` (
  `STATE_ID` int(2) NOT NULL,
  `DIST_ID` int(2) NOT NULL,
  `GDP_2008_09` decimal(12,5) DEFAULT NULL,
  `GDP_2009_10` decimal(12,5) DEFAULT NULL,
  `GDP_2010_11` decimal(12,5) DEFAULT NULL,
  PRIMARY KEY (`STATE_ID`,`DIST_ID`),
  CONSTRAINT `gdp_districtwise_ibfk_1` FOREIGN KEY (`STATE_ID`, `DIST_ID`) REFERENCES `main_table` (`STATE_ID`, `DIST_ID`)
) ENGINE=InnoDB DEFAULT CHARSET=utf8;
/*!40101 SET character_set_client = @saved_cs_client */;

--
-- Dumping data for table `gdp_districtwise`
--

LOCK TABLES `gdp_districtwise` WRITE;
/*!40000 ALTER TABLE `gdp_districtwise` DISABLE KEYS */;
INSERT INTO `gdp_districtwise` VALUES (1,0,2834.00000,3208.00000,3460.00000),(2,1,9342.33000,9514.00000,9962.00000),(2,2,12759.93000,13532.00000,14793.00000),(2,3,12528.14000,12875.00000,14685.00000),(2,4,21859.90000,22527.00000,21840.00000),(2,5,17406.21000,19098.00000,19367.00000),(2,6,28430.61000,29889.00000,34847.00000),(2,7,13838.70000,13331.00000,15441.00000),(2,8,11252.57000,11663.00000,13123.00000),(2,9,20754.97000,22839.00000,23463.00000),(2,10,12241.00000,12441.00000,13780.00000),(2,11,10598.71000,11845.00000,12808.00000),(2,12,14790.43000,15669.00000,20410.00000),(2,13,13982.38000,13495.00000,14462.00000),(2,14,8599.06000,7238.00000,8670.00000),(2,15,12361.71000,12799.00000,14742.00000),(2,16,24905.95000,24748.00000,33036.00000),(2,17,11494.65000,11694.00000,11707.00000),(2,18,6649.93000,7261.00000,8092.00000),(2,19,23532.83000,27260.00000,28991.00000),(2,20,6675.89000,7326.00000,7710.00000),(2,21,10161.06000,10186.00000,11426.00000),(2,22,14501.24000,15771.00000,18355.00000),(2,23,0.00000,0.00000,0.00000),(3,0,4596.00000,5020.00000,5210.00000),(4,0,64033.00000,69794.00000,74860.00000),(5,1,1819.03826,1905.59260,96.80637),(5,2,467.75671,495.61947,63.17837),(5,3,1822.87697,1931.65299,142.67425),(5,4,1343.14906,1396.55723,84.89044),(5,5,4017.94394,3883.65968,169.80200),(5,6,3627.92390,3941.96011,312.05370),(5,7,2518.75438,2564.78300,284.39775),(5,8,1424.81104,1431.08735,129.59630),(5,9,3226.80994,3499.82762,292.13043),(5,10,3628.88811,3862.58769,350.94949),(5,11,1933.31660,2092.02821,107.87720),(5,12,1370.21048,1489.10063,90.21458),(5,13,900.40015,908.75178,99.52478),(5,14,1244.32744,1179.11823,72.44632),(5,15,2483.77866,2695.95438,160.21010),(5,16,1258.08316,1309.30293,67.86164),(5,17,1207.87842,1236.54286,59.79093),(5,18,876.06115,952.11429,53.62168),(5,19,1142.66994,1239.92753,71.53784),(5,20,3041.93459,3030.70874,230.52254),(5,21,2094.53218,2306.01057,178.50655),(5,22,4869.89423,5198.73143,400.11327),(5,23,2308.54989,2500.32532,223.59271),(5,24,1554.81704,1636.77718,111.44775),(5,25,3773.36463,3466.49317,233.86069),(5,26,26409.83459,29446.41182,1554.62744),(5,27,3287.34518,3455.50440,170.71049),(5,28,2456.04202,2686.51598,169.99215),(5,29,3017.22714,3071.88714,237.62139),(5,30,1530.28100,1722.14548,161.45663),(5,31,3273.85944,3382.93000,220.42358),(5,32,2879.40035,3160.67379,221.52221),(5,33,495.16702,487.73302,45.61435),(5,34,372.58424,341.48371,26.26153),(5,35,2272.90535,2381.64384,156.51278),(5,36,2658.30427,2460.98428,144.80813),(5,37,1328.89278,1414.34742,96.27818),(5,38,2917.00932,3079.93293,198.87349),(6,0,12519.00000,13206.00000,13338.00000),(7,0,68982.00000,71343.00000,78903.00000),(8,0,0.00000,0.00000,0.00000),(9,0,0.00000,0.00000,0.00000),(10,0,155791.00000,168638.00000,180765.00000),(11,0,17466.00000,19248.00000,22499.00000),(12,0,300341.00000,334127.00000,367581.00000),(13,0,136478.00000,152474.00000,163770.00000),(14,0,33210.00000,35897.00000,39054.00000),(15,0,34664.00000,36225.00000,38270.00000),(16,0,70129.00000,77240.00000,89491.00000),(17,1,5085.00000,5030.00000,5433.00000),(17,2,81684.00000,89261.00000,87206.00000),(17,3,5048.00000,6352.00000,6906.00000),(17,4,13158.00000,14340.00000,15476.00000),(17,5,8951.00000,9054.00000,10602.00000),(17,6,3245.00000,3237.00000,3855.00000),(17,7,4655.00000,4666.00000,5620.00000),(17,8,2543.00000,2589.00000,2599.00000),(17,9,3381.00000,3088.00000,3075.00000),(17,10,4005.00000,4215.00000,4726.00000),(17,11,4181.00000,4719.00000,4946.00000),(17,12,11471.00000,13690.00000,14036.00000),(17,13,5881.00000,6117.00000,6421.00000),(17,14,7678.00000,8868.00000,9417.00000),(17,15,2933.00000,2883.00000,3066.00000),(17,16,7671.00000,5382.00000,6416.00000),(17,17,5130.00000,5981.00000,6522.00000),(17,18,3723.00000,3750.00000,3986.00000),(17,19,3076.00000,3193.00000,3435.00000),(17,20,5123.00000,5693.00000,5412.00000),(17,21,3083.00000,3360.00000,3993.00000),(17,22,4708.00000,4481.00000,5173.00000),(17,23,9698.00000,11286.00000,13257.00000),(17,24,4161.00000,4069.00000,4535.00000),(17,25,4047.00000,3651.00000,5101.00000),(17,26,6359.00000,6702.00000,6896.00000),(17,27,7857.00000,8341.00000,9353.00000),(17,28,5708.00000,5953.00000,6533.00000),(17,29,4655.00000,4630.00000,5371.00000),(17,30,0.00000,2542.00000,2119.00000),(18,1,10663.00000,11811.41000,12168.21000),(18,2,24020.03000,25698.16000,27497.63000),(18,3,5619.25000,6338.56000,6726.98000),(18,4,11570.35000,12643.40000,13738.69000),(18,5,5017.11000,5451.47000,5973.19000),(18,6,12546.41000,13141.79000,14141.20000),(18,7,11305.35000,12452.62000,13137.28000),(18,8,14041.07000,15197.79000,16542.07000),(18,9,12912.41000,13652.36000,14740.58000),(18,10,12109.62000,14010.36000,14348.17000),(18,11,6420.93000,7217.69000,7823.08000),(18,12,17740.42000,19188.02000,20731.40000),(18,13,15747.49000,17451.53000,18652.94000),(18,14,2945.76000,3316.20000,3629.29000),(19,0,0.00000,0.00000,0.00000),(20,0,152946.00000,167564.00000,178144.00000),(21,1,18225.00000,17754.00000,21319.00000),(21,2,7030.00000,7234.00000,8080.00000),(21,3,10567.00000,11597.00000,12542.00000),(21,4,17985.00000,20022.00000,21267.00000),(21,5,5056.00000,4576.00000,5028.00000),(21,6,7419.00000,7334.00000,8301.00000),(21,7,7651.00000,7417.00000,8508.00000),(21,8,10768.00000,11085.00000,12016.00000),(21,9,6528.00000,7434.00000,8526.00000),(21,10,2894.00000,2809.00000,2813.00000),(21,11,5055.00000,4324.00000,4637.00000),(21,12,3038.00000,2756.00000,3070.00000),(21,13,18310.00000,19964.00000,20526.00000),(21,14,5759.00000,5892.00000,6304.00000),(21,15,21914.00000,22617.00000,26015.00000),(21,16,6515.00000,7505.00000,8087.00000),(21,17,153339.00000,153408.00000,167914.00000),(21,18,0.00000,0.00000,0.00000),(21,19,30582.00000,33874.00000,34626.00000),(21,20,8973.00000,9100.00000,10786.00000),(21,21,4040.00000,3758.00000,4083.00000),(21,22,33365.00000,32761.00000,33695.00000),(21,23,4641.00000,4751.00000,5656.00000),(21,24,5878.00000,5614.00000,6165.00000),(21,25,72466.00000,76886.00000,84154.00000),(21,26,17217.00000,17569.00000,20898.00000),(21,27,7958.00000,9086.00000,9830.00000),(21,28,12852.00000,13155.00000,15769.00000),(21,29,14232.00000,14525.00000,16398.00000),(21,30,4436.00000,4424.00000,4897.00000),(21,31,18205.00000,19305.00000,20516.00000),(21,32,83706.00000,89512.00000,102197.00000),(21,33,5992.00000,5759.00000,6279.00000),(21,34,2745.00000,3188.00000,3907.00000),(21,35,10151.00000,9132.00000,10403.00000),(22,0,6281.00000,6720.00000,6681.00000),(23,0,9001.00000,9591.00000,10413.00000),(24,0,3781.00000,4249.00000,4979.00000),(25,0,7917.00000,8463.00000,9254.00000),(26,1,8297.99000,8175.31000,8284.72000),(26,2,3408.07000,3636.66000,4243.11000),(26,3,4775.44000,5078.11000,5644.90000),(26,4,2906.12000,2966.02000,3326.67000),(26,5,860.46000,932.06000,1030.98000),(26,6,2515.08000,2766.51000,2910.69000),(26,7,7790.92000,8197.42000,8867.20000),(26,8,625.45000,675.92000,663.32000),(26,9,2784.59000,2968.36000,3179.12000),(26,10,1204.13000,1260.89000,1354.39000),(26,11,7534.48000,8157.24000,8877.74000),(26,12,3735.89000,3733.70000,4044.86000),(26,13,4635.93000,4724.19000,5147.04000),(26,14,3314.58000,3485.68000,4051.49000),(26,15,2859.22000,3002.86000,3393.23000),(26,16,2522.57000,3018.93000,3208.21000),(26,17,2282.37000,2435.92000,2703.18000),(26,18,7132.19000,7246.78000,7243.22000),(26,19,8159.37000,8508.61000,9406.75000),(26,20,3524.23000,3736.68000,4078.46000),(26,21,989.51000,1043.52000,1054.85000),(26,22,4573.74000,4819.37000,5358.19000),(26,23,1726.70000,1865.45000,1988.80000),(26,24,1452.25000,1569.83000,1715.97000),(26,25,1160.03000,1224.51000,1307.43000),(26,26,2993.42000,3192.05000,3611.56000),(26,27,2263.61000,2400.93000,2453.56000),(26,28,3708.40000,3773.39000,4032.14000),(26,29,1022.81000,1147.79000,1262.03000),(26,30,10052.23000,10106.47000,10687.26000),(27,0,8751.00000,10176.00000,10806.00000),(28,1,9852.47000,10336.89000,11007.71000),(28,2,2672.95000,2899.72000,3135.59000),(28,3,5652.00000,5861.84000,6219.51000),(28,4,2872.69000,2923.95000,3106.93000),(28,5,3238.95000,3846.30000,3626.08000),(28,6,8018.61000,8257.24000,8723.99000),(28,7,8881.57000,9175.19000,10031.55000),(28,8,7214.77000,7657.78000,8781.48000),(28,9,11454.10000,12038.45000,13156.77000),(28,10,4199.44000,4511.66000,4888.89000),(28,11,20983.13000,22192.67000,23449.15000),(28,12,2950.38000,3283.43000,3446.66000),(28,13,5749.60000,6358.98000,6668.45000),(28,14,3681.45000,4132.23000,4069.58000),(28,15,8885.14000,9181.04000,9895.49000),(28,16,3445.99000,3540.50000,3757.61000),(28,17,4144.49000,4801.95000,4933.86000),(28,18,7925.18000,8369.99000,8902.16000),(28,19,3972.64000,4518.05000,4721.48000),(28,20,4635.21000,4748.60000,5147.18000),(29,0,174556.00000,186245.00000,213079.00000),(30,0,2535.00000,4401.00000,4784.00000),(31,0,321793.00000,356632.00000,403416.00000),(32,0,12025.00000,13306.00000,14387.00000),(33,1,9684.15000,11234.70000,12187.12000),(33,2,7230.24000,7593.92000,8596.72000),(33,3,10481.56000,10790.97000,12650.46000),(33,4,2864.45000,2926.78000,3236.10000),(33,5,2371.08000,2270.85000,2442.36000),(33,6,4730.12000,5270.39000,6162.94000),(33,7,3472.15000,3842.62000,4411.91000),(33,8,3168.77000,3353.63000,3456.30000),(33,9,3517.27000,3557.83000,4247.48000),(33,10,2263.37000,2296.96000,2356.37000),(33,11,2445.88000,2528.93000,2927.16000),(33,12,4671.32000,5223.77000,5545.19000),(33,13,7950.44000,8520.60000,8854.48000),(33,14,2535.29000,2711.57000,2860.15000),(33,15,8479.08000,9071.25000,9063.89000),(33,16,6414.26000,6597.43000,6311.94000),(33,17,8333.73000,8873.95000,9665.14000),(33,18,2884.58000,2805.92000,3104.72000),(33,19,1020.94000,1082.51000,1180.31000),(33,20,2991.92000,3041.17000,3576.14000),(33,21,3251.19000,3101.52000,3367.58000),(33,22,2416.26000,2473.22000,2684.17000),(33,23,3529.43000,3691.55000,4314.09000),(33,24,2887.08000,3204.80000,3557.79000),(33,25,3586.40000,3669.88000,4291.54000),(33,26,4233.16000,4501.77000,4764.20000),(33,27,13111.40000,14155.71000,13833.78000),(33,28,13128.39000,13647.59000,13963.09000),(33,29,4020.92000,4256.16000,4928.67000),(33,30,3456.78000,3799.13000,4469.69000),(33,31,6193.67000,6681.29000,7477.98000),(33,32,1925.74000,2119.38000,2290.39000),(33,33,4770.48000,5074.00000,5502.42000),(33,34,3153.75000,3349.25000,3555.65000),(33,35,4584.46000,4766.72000,5301.29000),(33,36,5066.15000,5668.68000,6036.94000),(33,37,0.00000,0.00000,0.00000),(33,38,2575.05000,2751.00000,3017.07000),(33,39,2882.61000,2973.19000,3244.10000),(33,40,13232.20000,14894.42000,16343.96000),(33,41,2343.93000,2585.31000,2780.87000),(33,42,2098.09000,2334.97000,2799.20000),(33,43,5447.86000,5976.18000,6226.24000),(33,44,3459.26000,3477.69000,3767.86000),(33,45,2081.76000,2248.70000,2495.34000),(33,46,13775.24000,15135.06000,16511.48000),(33,47,0.00000,0.00000,0.00000),(33,48,2542.21000,2709.47000,3075.05000),(33,49,1711.31000,1849.80000,2075.71000),(33,50,2878.75000,3054.92000,3211.81000),(33,51,6210.71000,5675.41000,6285.51000),(33,52,2776.07000,3336.33000,3690.14000),(33,53,9385.94000,10125.46000,10916.35000),(33,54,3192.59000,3332.33000,3647.50000),(33,55,9052.98000,10224.96000,10234.18000),(33,56,8531.06000,9940.31000,10508.46000),(33,57,3794.89000,4059.31000,4423.56000),(33,58,3283.40000,3377.65000,4059.13000),(33,59,4028.71000,4329.42000,3496.22000),(33,60,3865.72000,4271.97000,4357.43000),(33,61,7500.83000,8633.31000,9833.27000),(33,62,1584.23000,1690.15000,1893.82000),(33,63,2494.63000,2386.29000,2644.79000),(33,64,4464.59000,4780.94000,5241.29000),(33,65,1124.80000,1130.61000,1454.36000),(33,66,2340.45000,2387.39000,2946.21000),(33,67,6091.28000,6538.64000,7216.01000),(33,68,4989.13000,5104.03000,5110.97000),(33,69,4830.92000,4931.65000,3767.84000),(33,70,4874.87000,5167.21000,5838.82000),(33,71,5207.78000,6399.89000,6894.57000),(34,0,42832.00000,50598.00000,55667.00000),(35,1,8501.46000,9341.94000,9155.56000),(35,2,27463.67000,30170.39000,31807.93000),(35,3,7735.64000,8002.42000,8286.98000),(35,4,3667.88000,3909.82000,4239.69000),(35,5,6963.20000,7988.11000,8567.33000),(35,6,15255.97000,16631.22000,18339.89000),(35,7,17488.49000,19851.66000,21536.11000),(35,8,10147.32000,10661.34000,11502.27000),(35,9,6086.57000,6583.28000,6875.54000),(35,10,27157.46000,27783.18000,30001.96000),(35,11,8834.46000,9428.68000,10158.94000),(35,12,0.00000,0.00000,0.00000),(35,13,15673.97000,16776.12000,17802.04000),(35,14,13582.01000,14399.60000,15424.25000),(35,15,34747.10000,37881.68000,41354.78000),(35,16,13638.37000,15132.63000,15979.36000),(35,17,20441.05000,22632.04000,24689.79000),(35,18,6107.54000,6409.73000,6392.12000),(35,19,21652.35000,22973.33000,25106.17000),(35,20,5103.75000,5390.12000,5844.96000);
/*!40000 ALTER TABLE `gdp_districtwise` ENABLE KEYS */;
UNLOCK TABLES;

--
-- Table structure for table `gross_enroll_ratio`
--

DROP TABLE IF EXISTS `gross_enroll_ratio`;
/*!40101 SET @saved_cs_client     = @@character_set_client */;
/*!40101 SET character_set_client = utf8 */;
CREATE TABLE `gross_enroll_ratio` (
  `STATE_ID` int(2) NOT NULL,
  `ALL_MALE` decimal(6,3) DEFAULT NULL,
  `ALL_FEMALE` decimal(6,3) DEFAULT NULL,
  `ALL_TOTAL` decimal(6,3) DEFAULT NULL,
  `SC_MALE` decimal(6,3) DEFAULT NULL,
  `SC_FEMALE` decimal(6,3) DEFAULT NULL,
  `SC_TOTAL` decimal(6,3) DEFAULT NULL,
  `ST_MALE` decimal(6,3) DEFAULT NULL,
  `ST_FEMALE` decimal(6,3) DEFAULT NULL,
  `ST_TOTAL` decimal(6,3) DEFAULT NULL,
  PRIMARY KEY (`STATE_ID`),
  CONSTRAINT `gross_enroll_ratio_ibfk_1` FOREIGN KEY (`STATE_ID`) REFERENCES `main_table` (`STATE_ID`)
) ENGINE=InnoDB DEFAULT CHARSET=utf8;
/*!40101 SET character_set_client = @saved_cs_client */;

--
-- Dumping data for table `gross_enroll_ratio`
--

LOCK TABLES `gross_enroll_ratio` WRITE;
/*!40000 ALTER TABLE `gross_enroll_ratio` DISABLE KEYS */;
INSERT INTO `gross_enroll_ratio` VALUES (1,9.600,13.400,11.400,0.000,0.000,0.000,4.400,8.800,6.600),(2,32.100,24.400,28.400,29.800,21.900,25.900,31.500,16.800,23.800),(3,33.600,19.500,26.900,100.000,66.000,100.000,24.300,16.100,20.100),(4,13.300,13.400,13.400,10.400,12.200,11.200,13.500,13.200,13.400),(5,11.800,9.100,10.500,7.000,4.700,5.900,20.900,19.700,20.300),(6,42.200,40.400,41.400,12.100,20.800,16.000,0.000,0.000,0.000),(7,15.800,11.400,13.600,12.200,10.300,11.300,5.900,4.900,5.400),(8,3.500,3.900,3.600,2.300,4.400,3.300,1.900,1.100,1.500),(9,2.700,5.600,3.500,11.100,23.000,16.100,10.700,5.300,8.400),(10,35.000,29.800,32.500,11.700,8.700,10.200,0.000,0.000,0.000),(11,31.000,35.800,33.200,26.400,24.100,25.200,100.000,100.000,100.000),(12,23.500,18.800,21.300,19.800,15.600,17.800,11.300,9.300,10.300),(13,27.200,20.700,24.100,16.500,11.500,14.200,0.000,0.000,0.000),(14,25.900,26.000,26.000,13.500,13.900,13.700,29.600,29.700,29.600),(15,17.000,16.700,16.800,6.400,6.400,6.400,5.600,2.400,4.100),(16,8.800,7.500,8.100,5.700,4.000,4.900,5.900,6.500,6.200),(17,26.600,24.300,25.500,21.200,18.300,19.800,19.500,16.300,18.000),(18,18.800,25.100,21.900,10.300,18.100,14.200,17.400,19.100,18.300),(19,0.000,0.000,0.000,0.000,0.000,0.000,0.000,0.000,0.000),(20,15.100,11.900,13.600,12.300,8.300,10.400,6.200,3.600,4.900),(21,30.700,24.200,27.600,32.700,24.900,28.900,16.200,8.700,12.300),(22,38.500,33.300,35.900,100.000,100.000,100.000,44.600,34.400,39.500),(23,15.300,19.800,17.500,35.300,32.100,33.900,12.900,17.200,15.100),(24,22.000,21.100,21.600,100.000,100.000,100.000,21.400,19.500,20.400),(25,25.800,16.900,21.500,0.000,0.000,0.000,15.900,15.600,15.800),(26,18.100,14.100,16.100,10.700,8.200,9.500,6.800,5.200,6.000),(27,32.600,29.900,31.200,28.900,23.200,26.000,0.000,0.000,0.000),(28,23.600,14.500,19.400,8.100,6.400,7.300,0.000,0.000,0.000),(29,20.900,15.200,18.200,13.500,8.500,11.200,15.700,10.300,13.000),(30,26.000,22.200,24.200,12.400,11.300,11.800,16.400,22.200,19.300),(31,36.500,29.100,32.900,23.400,19.900,21.700,30.600,17.500,23.700),(32,16.000,11.000,13.600,11.700,8.400,10.100,7.900,4.900,6.300),(33,15.200,17.400,16.300,11.200,12.400,11.700,100.000,100.000,100.000),(34,26.100,29.600,27.800,17.500,18.000,17.700,42.200,46.300,44.200),(35,13.800,10.900,12.400,7.800,5.800,6.900,7.300,4.800,6.000);
/*!40000 ALTER TABLE `gross_enroll_ratio` ENABLE KEYS */;
UNLOCK TABLES;

--
-- Table structure for table `hh`
--

DROP TABLE IF EXISTS `hh`;
/*!40101 SET @saved_cs_client     = @@character_set_client */;
/*!40101 SET character_set_client = utf8 */;
CREATE TABLE `hh` (
  `STATE_ID` int(2) NOT NULL,
  `URT_ID` int(1) NOT NULL,
  `HHSIZE_1` decimal(10,0) DEFAULT NULL,
  `HHSIZE_2` decimal(10,0) DEFAULT NULL,
  `HHSIZE_3` decimal(10,0) DEFAULT NULL,
  `HHSIZE_4` decimal(10,0) DEFAULT NULL,
  `HHSIZE_5` decimal(10,0) DEFAULT NULL,
  `HHSIZE_6` decimal(10,0) DEFAULT NULL,
  `HHSIZE_7_10` decimal(10,0) DEFAULT NULL,
  `HHSIZE_11_14` decimal(10,0) DEFAULT NULL,
  `HHSIZE_15_MORE` decimal(10,0) DEFAULT NULL,
  `MEAN_HHSIZE` decimal(2,1) DEFAULT NULL,
  PRIMARY KEY (`STATE_ID`,`URT_ID`),
  CONSTRAINT `hh_ibfk_1` FOREIGN KEY (`STATE_ID`) REFERENCES `main_table` (`STATE_ID`)
) ENGINE=InnoDB DEFAULT CHARSET=utf8;
/*!40101 SET character_set_client = @saved_cs_client */;

--
-- Dumping data for table `hh`
--

LOCK TABLES `hh` WRITE;
/*!40000 ALTER TABLE `hh` DISABLE KEYS */;
INSERT INTO `hh` VALUES (1,0,2263,4454,7966,10977,5498,2190,2207,208,32,3.9),(1,1,5121,7332,11265,15364,9269,4789,4711,372,72,4.0),(1,2,7384,11786,19231,26341,14767,6979,6918,580,104,4.0),(2,0,241566,820776,1211108,2269169,1190408,538913,417842,35661,11130,4.1),(2,1,898567,2113088,2458097,4276998,2428166,1133667,819488,51147,11397,3.9),(2,2,1140133,2933864,3669205,6546167,3618574,1672580,1237330,86808,22527,4.0),(3,0,6853,8005,11166,14355,11478,7495,8913,691,304,4.4),(3,1,10846,16027,23099,32462,33156,28065,47626,4541,1563,5.2),(3,2,17699,24032,34265,46817,44634,35560,56539,5232,1867,5.0),(4,0,45566,85079,191903,270373,168739,91558,109474,13840,3731,4.4),(4,1,172591,387956,766452,1178480,1074054,755774,971491,84499,15487,4.9),(4,2,218157,473035,958355,1448853,1242793,847332,1080965,98339,19218,4.9),(5,0,47274,125646,189825,357849,394890,313804,492499,82184,35992,5.7),(5,1,446376,1560613,1786302,2586268,3042469,2625482,4021913,525969,232089,5.5),(5,2,493650,1686259,1976127,2944117,3437359,2939286,4514412,608153,268081,5.5),(6,0,14898,24043,36554,63788,43643,24070,22864,2192,467,4.3),(6,1,696,1013,1177,1711,1178,632,634,75,21,4.1),(6,2,15594,25056,37731,65499,44821,24702,23498,2267,488,4.3),(7,0,66544,128335,186569,312150,255624,147394,157641,19319,5810,4.6),(7,1,281631,579623,600230,851415,836813,559944,588758,44997,10625,4.5),(7,2,348175,707958,786799,1163565,1092437,707338,746399,64316,16435,4.5),(8,0,2602,5733,8433,10975,6090,3079,3002,282,69,4.0),(8,1,1666,3846,4363,5875,6388,4959,7992,704,63,5.0),(8,2,4268,9579,12796,16850,12478,8038,10994,986,132,4.5),(9,0,4006,8532,10425,11434,6758,3381,3073,334,95,3.8),(9,1,861,1365,1629,2530,2334,1727,1942,233,75,4.7),(9,2,4867,9897,12054,13964,9092,5108,5015,567,170,4.0),(10,0,123544,245059,435003,819400,678424,440930,506723,62288,16804,4.9),(10,1,2329,4229,7786,17540,17609,12364,14981,2072,501,5.3),(10,2,125873,249288,442789,836940,696033,453294,521704,64360,17305,4.9),(11,0,11687,25425,43336,60126,35539,16956,18118,2235,579,4.2),(11,1,7464,14327,22614,33286,23587,12185,12533,1314,306,4.3),(11,2,19151,39752,65950,93412,59126,29141,30651,3549,885,4.2),(12,0,195773,479489,801007,1420990,1055637,658637,726978,82393,20149,4.7),(12,1,269790,624206,675754,1269325,1335785,1047112,1345876,148856,35571,5.1),(12,2,465563,1103695,1476761,2690315,2391422,1705749,2072854,231249,55720,4.9),(13,0,54384,127734,228102,475539,384121,238328,255171,30773,7918,4.9),(13,1,63319,157109,278160,652907,663421,483742,621539,90084,23414,5.4),(13,2,117703,284843,506262,1128446,1047542,722070,876710,120857,31332,5.2),(14,0,16735,21457,30963,48056,25918,12880,12068,1169,276,3.9),(14,1,68881,114074,167125,323221,260922,168951,184142,18868,3502,4.7),(14,2,85616,135531,198088,371277,286840,181831,196210,20037,3778,4.6),(15,0,9850,21936,47842,108604,108809,83407,152641,16279,8305,5.8),(15,1,28368,78811,139054,244851,286539,243955,461120,45410,18752,5.8),(15,2,38218,100747,186896,353455,395348,327362,613761,61689,27057,5.8),(16,0,49693,103539,181137,326349,305432,213419,285893,40797,12366,5.2),(16,1,137139,385537,520188,819236,915622,738438,1048736,119335,34291,5.3),(16,2,186832,489076,701325,1145585,1221054,951857,1334629,160132,46657,5.3),(17,0,207856,591842,1013216,1551392,934910,494832,506594,58725,19153,4.3),(17,1,371532,765361,1131906,1958831,1516219,926894,1052704,148211,50612,4.7),(17,2,579388,1357203,2145122,3510223,2451129,1421726,1559298,206936,69765,4.5),(18,0,137651,419609,683924,1097373,652395,334255,317857,42284,8397,4.3),(18,1,180927,499123,750289,1198554,760146,392850,319300,34173,6410,4.2),(18,2,318578,918732,1434213,2295927,1412541,727105,637157,76457,14807,4.2),(19,0,649,769,1065,1360,1199,1000,2008,567,217,5.6),(19,1,226,216,325,449,423,303,633,116,16,5.2),(19,2,875,985,1390,1809,1622,1303,2641,683,233,5.5),(20,0,152600,316215,492050,914031,811894,532263,638967,90379,29869,5.0),(20,1,558797,1255182,1300167,2168120,2215035,1584637,1776151,146761,36588,4.7),(20,2,711397,1571397,1792217,3082151,3026929,2116900,2415118,237140,66457,4.8),(21,0,433353,1067569,1869903,3086267,2085819,1156270,1234094,154346,47154,4.5),(21,1,618328,1411517,1649152,3151959,2685886,1706658,1709167,185170,43995,4.6),(21,2,1051681,2479086,3519055,6238226,4771705,2862928,2943261,339516,91149,4.6),(22,0,3566,11769,27426,40703,35598,23752,26592,1767,288,4.8),(22,1,7010,25704,50772,72780,74368,59067,86926,5932,1214,5.2),(22,2,10576,37473,78198,113483,109966,82819,113518,7699,1502,5.1),(23,0,5447,9934,17366,23089,19978,15051,22759,2711,485,5.0),(23,1,15264,29551,50854,66154,68336,61457,122686,13763,1211,5.5),(23,2,20711,39485,68220,89243,88314,76508,145445,16474,1696,5.4),(24,0,6060,10297,15675,22475,23992,16334,19828,1607,173,4.8),(24,1,5295,8835,13659,18625,20018,16025,21497,1545,139,4.9),(24,2,11355,19132,29334,41100,44010,32359,41325,3152,312,4.9),(25,0,7951,11498,16993,22005,20024,15643,21241,1482,243,4.7),(25,1,15123,25560,34561,42651,44186,40406,69874,3293,431,5.0),(25,2,23074,37058,51554,64656,64210,56049,91115,4775,674,4.9),(26,0,70619,142756,279382,418387,277988,154888,166194,19807,5988,4.5),(26,1,381614,1008979,1403974,1921816,1543431,934740,818434,46973,9659,4.3),(26,2,452233,1151735,1683356,2340203,1821419,1089628,984628,66780,15647,4.3),(27,0,7677,22871,39555,70473,35703,16067,12898,1128,293,4.1),(27,1,4263,10070,15734,30451,19069,8424,6486,342,61,4.1),(27,2,11940,32941,55289,100924,54772,24491,19384,1470,354,4.1),(28,0,68596,149951,281120,570253,460926,284103,288907,31218,6799,4.8),(28,1,84215,195185,354873,738840,757127,528806,600024,70433,15475,5.2),(28,2,152811,345136,635993,1309093,1218053,812909,888931,101651,22274,5.0),(29,0,106941,227784,344896,691720,635206,448160,594517,100862,38942,5.3),(29,1,295815,747109,900018,1618699,1825797,1517103,2179435,288275,90144,5.4),(29,2,402756,974893,1244914,2310419,2461003,1965263,2773952,389137,129086,5.4),(30,0,2294,4031,7528,8884,5633,3207,3453,338,88,4.2),(30,1,4360,7539,14179,20505,17179,11932,15617,1183,165,4.7),(30,2,6654,11570,21707,29389,22812,15139,19070,1521,253,4.6),(31,0,416996,1236469,1864645,2987832,1438823,592000,392708,20975,3918,3.9),(31,1,670678,1406310,1652233,2694546,1749992,794467,516587,19899,3153,3.9),(31,2,1087674,2642779,3516878,5682378,3188815,1386467,909295,40874,7071,3.9),(32,0,9021,23279,64313,72485,36125,16591,14920,905,164,4.0),(32,1,20067,51501,119151,170089,120363,67701,62662,2338,325,4.4),(32,2,29088,74780,183464,242574,156488,84292,77582,3243,489,4.3),(33,0,224660,448395,741592,1377425,1408487,1126753,1888906,316357,135733,5.7),(33,1,956170,1720758,1994517,3210991,4184175,4035399,7561157,1311555,589403,6.0),(33,2,1180830,2169153,2736109,4588416,5592662,5162152,9450063,1627912,725136,6.0),(34,0,31099,51816,87724,150211,119461,76759,94709,11026,2855,4.8),(34,1,91930,123211,162605,267304,274083,206328,260073,27342,7573,4.9),(34,2,123029,175027,250329,417515,393544,283087,354782,38368,10428,4.9),(35,0,253941,628197,1464008,1659515,1044687,597947,770522,82585,24056,4.4),(35,1,476900,1182962,2385334,3821222,2692374,1517359,1531273,145527,31463,4.5),(35,2,730841,1811159,3849342,5480737,3737061,2115306,2301795,228112,55519,4.5);
/*!40000 ALTER TABLE `hh` ENABLE KEYS */;
UNLOCK TABLES;

--
-- Table structure for table `literacy_statewise`
--

DROP TABLE IF EXISTS `literacy_statewise`;
/*!40101 SET @saved_cs_client     = @@character_set_client */;
/*!40101 SET character_set_client = utf8 */;
CREATE TABLE `literacy_statewise` (
  `STATE_ID` int(2) NOT NULL,
  `LIT_2001` decimal(6,3) DEFAULT NULL,
  `LIT_2011` decimal(6,3) DEFAULT NULL,
  PRIMARY KEY (`STATE_ID`),
  CONSTRAINT `literacy_statewise_ibfk_1` FOREIGN KEY (`STATE_ID`) REFERENCES `main_table` (`STATE_ID`)
) ENGINE=InnoDB DEFAULT CHARSET=utf8;
/*!40101 SET character_set_client = @saved_cs_client */;

--
-- Dumping data for table `literacy_statewise`
--

LOCK TABLES `literacy_statewise` WRITE;
/*!40000 ALTER TABLE `literacy_statewise` DISABLE KEYS */;
INSERT INTO `literacy_statewise` VALUES (1,81.300,86.270),(2,60.470,67.660),(3,54.340,66.950),(4,63.250,73.180),(5,47.000,63.820),(6,81.940,86.430),(7,64.660,71.040),(8,57.630,77.650),(9,78.180,87.070),(10,81.670,86.340),(11,82.010,87.400),(12,69.140,79.310),(13,67.910,76.640),(14,76.480,83.780),(15,55.520,68.740),(16,53.560,67.630),(17,66.640,75.600),(18,90.860,93.910),(19,86.660,92.280),(20,63.740,70.630),(21,76.880,82.910),(22,70.530,79.850),(23,62.560,75.480),(24,88.800,91.580),(25,66.590,80.110),(26,63.080,73.450),(27,81.240,86.550),(28,69.650,76.680),(29,60.410,67.060),(30,68.810,82.200),(31,73.450,80.330),(32,73.190,87.750),(33,56.270,69.720),(34,71.620,79.630),(35,68.640,77.080);
/*!40000 ALTER TABLE `literacy_statewise` ENABLE KEYS */;
UNLOCK TABLES;

--
-- Table structure for table `main_table`
--

DROP TABLE IF EXISTS `main_table`;
/*!40101 SET @saved_cs_client     = @@character_set_client */;
/*!40101 SET character_set_client = utf8 */;
CREATE TABLE `main_table` (
  `STATE_ID` int(2) NOT NULL,
  `STATE_NAME` varchar(30) DEFAULT NULL,
  `DIST_ID` int(2) NOT NULL,
  `DIST_NAME` varchar(35) DEFAULT NULL,
  PRIMARY KEY (`STATE_ID`,`DIST_ID`)
) ENGINE=InnoDB DEFAULT CHARSET=utf8;
/*!40101 SET character_set_client = @saved_cs_client */;

--
-- Dumping data for table `main_table`
--

LOCK TABLES `main_table` WRITE;
/*!40000 ALTER TABLE `main_table` DISABLE KEYS */;
INSERT INTO `main_table` VALUES (1,'Andaman and Nicobar Islands',0,'ALL'),(1,'Andaman and Nicobar Islands',1,'Andamans'),(1,'Andaman and Nicobar Islands',2,'Nicobars'),(1,'Andaman and Nicobar Islands',3,'North & Middle Andaman'),(1,'Andaman and Nicobar Islands',4,'South Andaman'),(2,'Andhra Pradesh',0,'ALL'),(2,'Andhra Pradesh',1,'Adilabad District'),(2,'Andhra Pradesh',2,'Anantapur District'),(2,'Andhra Pradesh',3,'Chittoor District'),(2,'Andhra Pradesh',4,'East Godavari'),(2,'Andhra Pradesh',5,'Guntur District'),(2,'Andhra Pradesh',6,'Hyderabad District'),(2,'Andhra Pradesh',7,'Karimnagar District'),(2,'Andhra Pradesh',8,'Khammam'),(2,'Andhra Pradesh',9,'Krishna'),(2,'Andhra Pradesh',10,'Kurnool District'),(2,'Andhra Pradesh',11,'Mahbubnagar'),(2,'Andhra Pradesh',12,'Medak District'),(2,'Andhra Pradesh',13,'Nalgonda District'),(2,'Andhra Pradesh',14,'Nizamabad District'),(2,'Andhra Pradesh',15,'Prakasam'),(2,'Andhra Pradesh',16,'Rangareddy'),(2,'Andhra Pradesh',17,'Sri Potti Sriramulu Nellore'),(2,'Andhra Pradesh',18,'Srikakulam District'),(2,'Andhra Pradesh',19,'Visakhapatnam'),(2,'Andhra Pradesh',20,'Vizianagaram District'),(2,'Andhra Pradesh',21,'Warangal District'),(2,'Andhra Pradesh',22,'West Godavari'),(2,'Andhra Pradesh',23,'Y.S.R.'),(3,'Arunachal Pradesh',0,'ALL'),(3,'Arunachal Pradesh',1,'Anjaw'),(3,'Arunachal Pradesh',2,'Changlang'),(3,'Arunachal Pradesh',3,'Dibang Valley'),(3,'Arunachal Pradesh',4,'East Kameng'),(3,'Arunachal Pradesh',5,'East Siang'),(3,'Arunachal Pradesh',6,'Kurung Kumey'),(3,'Arunachal Pradesh',7,'Lohit'),(3,'Arunachal Pradesh',8,'Lower Dibang Valley'),(3,'Arunachal Pradesh',9,'Lower Subansiri'),(3,'Arunachal Pradesh',10,'Papum Pare'),(3,'Arunachal Pradesh',11,'Tawang'),(3,'Arunachal Pradesh',12,'Tirap'),(3,'Arunachal Pradesh',13,'Upper Siang'),(3,'Arunachal Pradesh',14,'Upper Subansiri'),(3,'Arunachal Pradesh',15,'West Kameng'),(3,'Arunachal Pradesh',16,'West Siang'),(4,'Assam',0,'ALL'),(4,'Assam',1,'Baksa'),(4,'Assam',2,'Barpeta District'),(4,'Assam',3,'Bongaigaon District'),(4,'Assam',4,'Cachar'),(4,'Assam',5,'Chirang'),(4,'Assam',6,'Darrang'),(4,'Assam',7,'Dhemaji District'),(4,'Assam',8,'Dhubri District'),(4,'Assam',9,'Dibrugarh'),(4,'Assam',10,'Dima Hasao'),(4,'Assam',11,'Goalpara'),(4,'Assam',12,'Golaghat District'),(4,'Assam',13,'Hailakandi District'),(4,'Assam',14,'Jorhat'),(4,'Assam',15,'Kamrup'),(4,'Assam',16,'Kamrup metropolitan'),(4,'Assam',17,'Karbi Anglong'),(4,'Assam',18,'Karimganj District'),(4,'Assam',19,'Kokrajhar District'),(4,'Assam',20,'Lakhimpur'),(4,'Assam',21,'Morigaon'),(4,'Assam',22,'Nagaon District'),(4,'Assam',23,'Nalbari District'),(4,'Assam',24,'Sivasagar'),(4,'Assam',25,'Sonitpur'),(4,'Assam',26,'Tinsukia District'),(4,'Assam',27,'Udalguri'),(5,'Bihar',0,'ALL'),(5,'Bihar',1,'Araria District'),(5,'Bihar',2,'Arwal District'),(5,'Bihar',3,'Aurangabad District Bihar'),(5,'Bihar',4,'Banka District'),(5,'Bihar',5,'Begusarai District'),(5,'Bihar',6,'Bhagalpur'),(5,'Bihar',7,'Bhojpur'),(5,'Bihar',8,'Buxar District'),(5,'Bihar',9,'Darbhanga District'),(5,'Bihar',10,'Gaya District'),(5,'Bihar',11,'Gopalganj District'),(5,'Bihar',12,'Jamui District'),(5,'Bihar',13,'Jehanabad District'),(5,'Bihar',14,'Kaimur Bhabua'),(5,'Bihar',15,'Katihar District'),(5,'Bihar',16,'Khagaria District'),(5,'Bihar',17,'Kishanganj District'),(5,'Bihar',18,'Lakhisarai District'),(5,'Bihar',19,'Madhepura District'),(5,'Bihar',20,'Madhubani District'),(5,'Bihar',21,'Munger District'),(5,'Bihar',22,'Muzaffarpur'),(5,'Bihar',23,'Nalanda'),(5,'Bihar',24,'Nawada District'),(5,'Bihar',25,'Pashchim Champaran'),(5,'Bihar',26,'Patna'),(5,'Bihar',27,'Purba Champaran'),(5,'Bihar',28,'Purnia'),(5,'Bihar',29,'Rohtas District'),(5,'Bihar',30,'Saharsa'),(5,'Bihar',31,'Samastipur District'),(5,'Bihar',32,'Saran'),(5,'Bihar',33,'Sheikhpura District'),(5,'Bihar',34,'Sheohar District'),(5,'Bihar',35,'Sitamarhi'),(5,'Bihar',36,'Siwan District'),(5,'Bihar',37,'Supaul District'),(5,'Bihar',38,'Vaishali District'),(6,'Chandigarh',0,'ALL'),(6,'Chandigarh',1,'Chandigarh District'),(7,'Chhattisgarh',0,'ALL'),(7,'Chhattisgarh',1,'Bastar'),(7,'Chhattisgarh',2,'Bijapur District Chhattisgarh'),(7,'Chhattisgarh',3,'Bilaspur District'),(7,'Chhattisgarh',4,'Dakshin Bastar Dantewada'),(7,'Chhattisgarh',5,'Dhamtari District'),(7,'Chhattisgarh',6,'Durg District'),(7,'Chhattisgarh',7,'Janjgir - Champa'),(7,'Chhattisgarh',8,'Jashpur District'),(7,'Chhattisgarh',9,'Kabeerdham'),(7,'Chhattisgarh',10,'Korba District'),(7,'Chhattisgarh',11,'Koriya'),(7,'Chhattisgarh',12,'Mahasamund District'),(7,'Chhattisgarh',13,'Narayanpur'),(7,'Chhattisgarh',14,'Raigarh District'),(7,'Chhattisgarh',15,'Raipur District'),(7,'Chhattisgarh',16,'Rajnandgaon District'),(7,'Chhattisgarh',17,'Surguja'),(7,'Chhattisgarh',18,'Uttar Bastar Kanker'),(8,'Dadra and Nagar Haveli',0,'ALL'),(8,'Dadra and Nagar Haveli',1,'Dadra & Nagar Haveli District'),(9,'Daman and Diu',0,'ALL'),(9,'Daman and Diu',1,'Daman District'),(9,'Daman and Diu',2,'Diu District'),(10,'Delhi',0,'ALL'),(10,'Delhi',1,'Central'),(10,'Delhi',2,'East'),(10,'Delhi',3,'New Delhi'),(10,'Delhi',4,'North'),(10,'Delhi',5,'North East'),(10,'Delhi',6,'North West'),(10,'Delhi',7,'South'),(10,'Delhi',8,'South West'),(10,'Delhi',9,'West'),(11,'Goa',0,'ALL'),(11,'Goa',1,'North Goa'),(11,'Goa',2,'South Goa'),(12,'Gujarat',0,'ALL'),(12,'Gujarat',1,'Ahmadabad'),(12,'Gujarat',2,'Amreli District'),(12,'Gujarat',3,'Anand District'),(12,'Gujarat',4,'Banas Kantha'),(12,'Gujarat',5,'Bharuch District'),(12,'Gujarat',6,'Bhavnagar District'),(12,'Gujarat',7,'Dohad District'),(12,'Gujarat',8,'Gandhinagar District'),(12,'Gujarat',9,'Jamnagar District'),(12,'Gujarat',10,'Junagadh District'),(12,'Gujarat',11,'Kachchh'),(12,'Gujarat',12,'Kheda District'),(12,'Gujarat',13,'Mahesana District'),(12,'Gujarat',14,'Narmada'),(12,'Gujarat',15,'Navsari District'),(12,'Gujarat',16,'Panch Mahals'),(12,'Gujarat',17,'Patan District'),(12,'Gujarat',18,'Porbandar District'),(12,'Gujarat',19,'Rajkot District'),(12,'Gujarat',20,'Sabar Kantha'),(12,'Gujarat',21,'Surat'),(12,'Gujarat',22,'Surendranagar'),(12,'Gujarat',23,'Tapi'),(12,'Gujarat',24,'The Dangs District'),(12,'Gujarat',25,'Vadodara District'),(12,'Gujarat',26,'Valsad District'),(13,'Haryana',0,'ALL'),(13,'Haryana',1,'Ambala District'),(13,'Haryana',2,'Bhiwani District'),(13,'Haryana',3,'Faridabad District'),(13,'Haryana',4,'Fatehabad District'),(13,'Haryana',5,'Gurgaon District'),(13,'Haryana',6,'Hisar District'),(13,'Haryana',7,'Jhajjar District'),(13,'Haryana',8,'Jind District'),(13,'Haryana',9,'Kaithal District'),(13,'Haryana',10,'Karnal District'),(13,'Haryana',11,'Kurukshetra'),(13,'Haryana',12,'Mahendragarh District'),(13,'Haryana',13,'Mewat'),(13,'Haryana',14,'Palwal'),(13,'Haryana',15,'Panchkula District'),(13,'Haryana',16,'Panipat District'),(13,'Haryana',17,'Rewari District'),(13,'Haryana',18,'Rohtak District'),(13,'Haryana',19,'Sirsa District'),(13,'Haryana',20,'Sonipat District'),(13,'Haryana',21,'Yamunanagar'),(14,'Himachal Pradesh',0,'ALL'),(14,'Himachal Pradesh',1,'Bilaspur District HP'),(14,'Himachal Pradesh',2,'Chamba'),(14,'Himachal Pradesh',3,'Hamirpur District HP'),(14,'Himachal Pradesh',4,'Kangra'),(14,'Himachal Pradesh',5,'Kinnaur'),(14,'Himachal Pradesh',6,'Kullu'),(14,'Himachal Pradesh',7,'Lahul & Spiti'),(14,'Himachal Pradesh',8,'Mandi'),(14,'Himachal Pradesh',9,'Shimla'),(14,'Himachal Pradesh',10,'Sirmaur'),(14,'Himachal Pradesh',11,'Solan'),(14,'Himachal Pradesh',12,'Una District'),(15,'Jammu and Kashmir',0,'ALL'),(15,'Jammu and Kashmir',1,'Anantnag District'),(15,'Jammu and Kashmir',2,'Badgam District'),(15,'Jammu and Kashmir',3,'Bandipore District'),(15,'Jammu and Kashmir',4,'Baramula District'),(15,'Jammu and Kashmir',5,'Doda District'),(15,'Jammu and Kashmir',6,'Ganderbal'),(15,'Jammu and Kashmir',7,'Jammu District'),(15,'Jammu and Kashmir',8,'Kargil District'),(15,'Jammu and Kashmir',9,'Kathua District'),(15,'Jammu and Kashmir',10,'Kishtwar'),(15,'Jammu and Kashmir',11,'Kulgam'),(15,'Jammu and Kashmir',12,'Kupwara District'),(15,'Jammu and Kashmir',13,'Leh(Ladakh)'),(15,'Jammu and Kashmir',14,'Pulwama District'),(15,'Jammu and Kashmir',15,'Punch'),(15,'Jammu and Kashmir',16,'Rajouri'),(15,'Jammu and Kashmir',17,'Ramban'),(15,'Jammu and Kashmir',18,'Reasi'),(15,'Jammu and Kashmir',19,'Samba'),(15,'Jammu and Kashmir',20,'Shupiyan'),(15,'Jammu and Kashmir',21,'Srinagar District'),(15,'Jammu and Kashmir',22,'Udhampur District'),(16,'Jharkhand',0,'ALL'),(16,'Jharkhand',1,'Bokaro'),(16,'Jharkhand',2,'Chatra District'),(16,'Jharkhand',3,'Deoghar District'),(16,'Jharkhand',4,'Dhanbad'),(16,'Jharkhand',5,'Dumka District'),(16,'Jharkhand',6,'Garhwa District'),(16,'Jharkhand',7,'Giridih District'),(16,'Jharkhand',8,'Godda District'),(16,'Jharkhand',9,'Gumla District'),(16,'Jharkhand',10,'Hazaribagh'),(16,'Jharkhand',11,'Jamtara'),(16,'Jharkhand',12,'Khunti'),(16,'Jharkhand',13,'Kodarma District'),(16,'Jharkhand',14,'Latehar'),(16,'Jharkhand',15,'Lohardaga District'),(16,'Jharkhand',16,'Pakur'),(16,'Jharkhand',17,'Palamu'),(16,'Jharkhand',18,'Pashchimi Singhbhum'),(16,'Jharkhand',19,'Purbi Singhbhum'),(16,'Jharkhand',20,'Ramgarh'),(16,'Jharkhand',21,'Ranchi'),(16,'Jharkhand',22,'Sahibganj District'),(16,'Jharkhand',23,'Saraikela-Kharsawan'),(16,'Jharkhand',24,'Simdega'),(17,'Karnataka',0,'ALL'),(17,'Karnataka',1,'Bagalkot District'),(17,'Karnataka',2,'Bangalore'),(17,'Karnataka',3,'Bangalore Rural'),(17,'Karnataka',4,'Belgaum District'),(17,'Karnataka',5,'Bellary District'),(17,'Karnataka',6,'Bidar District'),(17,'Karnataka',7,'Bijapur District'),(17,'Karnataka',8,'Chamarajanagar District'),(17,'Karnataka',9,'Chikkaballapura'),(17,'Karnataka',10,'Chikmagalur District'),(17,'Karnataka',11,'Chitradurga District'),(17,'Karnataka',12,'Dakshina Kannada'),(17,'Karnataka',13,'Davanagere District'),(17,'Karnataka',14,'Dharwad District'),(17,'Karnataka',15,'Gadag District'),(17,'Karnataka',16,'Gulbarga District'),(17,'Karnataka',17,'Hassan District'),(17,'Karnataka',18,'Haveri District'),(17,'Karnataka',19,'Kodagu'),(17,'Karnataka',20,'Kolar District'),(17,'Karnataka',21,'Koppal District'),(17,'Karnataka',22,'Mandya District'),(17,'Karnataka',23,'Mysore District'),(17,'Karnataka',24,'Raichur District'),(17,'Karnataka',25,'Ramanagara'),(17,'Karnataka',26,'Shimoga District'),(17,'Karnataka',27,'Tumkur District'),(17,'Karnataka',28,'Udupi District'),(17,'Karnataka',29,'Uttara Kannada'),(17,'Karnataka',30,'Yadgir District'),(18,'Kerala',0,'ALL'),(18,'Kerala',1,'Alappuzha'),(18,'Kerala',2,'Ernakulam'),(18,'Kerala',3,'Idukki'),(18,'Kerala',4,'Kannur District'),(18,'Kerala',5,'Kasaragod District'),(18,'Kerala',6,'Kollam District'),(18,'Kerala',7,'Kottayam District'),(18,'Kerala',8,'Kozhikode District'),(18,'Kerala',9,'Malappuram'),(18,'Kerala',10,'Palakkad District'),(18,'Kerala',11,'Pathanamthitta'),(18,'Kerala',12,'Thiruvananthapuram District'),(18,'Kerala',13,'Thrissur District'),(18,'Kerala',14,'Wayanad'),(19,'Lakshadweep',0,'ALL'),(19,'Lakshadweep',1,'Lakshadweep'),(20,'Madhya Pradesh',0,'ALL'),(20,'Madhya Pradesh',1,'Alirajpur District'),(20,'Madhya Pradesh',2,'Anuppur District'),(20,'Madhya Pradesh',3,'Ashoknagar District'),(20,'Madhya Pradesh',4,'Balaghat District'),(20,'Madhya Pradesh',5,'Barwani District'),(20,'Madhya Pradesh',6,'Betul District'),(20,'Madhya Pradesh',7,'Bhind District'),(20,'Madhya Pradesh',8,'Bhopal'),(20,'Madhya Pradesh',9,'Burhanpur'),(20,'Madhya Pradesh',10,'Chhatarpur District'),(20,'Madhya Pradesh',11,'Chhindwara District'),(20,'Madhya Pradesh',12,'Damoh District'),(20,'Madhya Pradesh',13,'Datia District'),(20,'Madhya Pradesh',14,'Dewas District'),(20,'Madhya Pradesh',15,'Dhar District'),(20,'Madhya Pradesh',16,'Dindori District'),(20,'Madhya Pradesh',17,'East Nimar'),(20,'Madhya Pradesh',18,'Guna District'),(20,'Madhya Pradesh',19,'Gwalior'),(20,'Madhya Pradesh',20,'Harda District'),(20,'Madhya Pradesh',21,'Hoshangabad District'),(20,'Madhya Pradesh',22,'Indore District'),(20,'Madhya Pradesh',23,'Jabalpur District'),(20,'Madhya Pradesh',24,'Jhabua District'),(20,'Madhya Pradesh',25,'Katni'),(20,'Madhya Pradesh',26,'Mandla District'),(20,'Madhya Pradesh',27,'Mandsaur District'),(20,'Madhya Pradesh',28,'Morena District'),(20,'Madhya Pradesh',29,'Narsimhapur District'),(20,'Madhya Pradesh',30,'Neemuch District'),(20,'Madhya Pradesh',31,'Panna District'),(20,'Madhya Pradesh',32,'Raisen District'),(20,'Madhya Pradesh',33,'Rajgarh District'),(20,'Madhya Pradesh',34,'Ratlam District'),(20,'Madhya Pradesh',35,'Rewa'),(20,'Madhya Pradesh',36,'Sagar District'),(20,'Madhya Pradesh',37,'Satna'),(20,'Madhya Pradesh',38,'Sehore District'),(20,'Madhya Pradesh',39,'Seoni District'),(20,'Madhya Pradesh',40,'Shahdol'),(20,'Madhya Pradesh',41,'Shajapur District'),(20,'Madhya Pradesh',42,'Sheopur District'),(20,'Madhya Pradesh',43,'Shivpuri District'),(20,'Madhya Pradesh',44,'Sidhi'),(20,'Madhya Pradesh',45,'Singrauli'),(20,'Madhya Pradesh',46,'Tikamgarh District'),(20,'Madhya Pradesh',47,'Ujjain District'),(20,'Madhya Pradesh',48,'Umaria'),(20,'Madhya Pradesh',49,'Vidisha District'),(20,'Madhya Pradesh',50,'West Nimar'),(21,'Maharashtra',0,'ALL'),(21,'Maharashtra',1,'Ahmadnagar'),(21,'Maharashtra',2,'Akola District'),(21,'Maharashtra',3,'Amravati District'),(21,'Maharashtra',4,'Aurangabad District'),(21,'Maharashtra',5,'Bhandara District'),(21,'Maharashtra',6,'Bid District'),(21,'Maharashtra',7,'Buldana District'),(21,'Maharashtra',8,'Chandrapur District'),(21,'Maharashtra',9,'Dhule District'),(21,'Maharashtra',10,'Gadchiroli District'),(21,'Maharashtra',11,'Gondiya District'),(21,'Maharashtra',12,'Hingoli District'),(21,'Maharashtra',13,'Jalgaon District'),(21,'Maharashtra',14,'Jalna District'),(21,'Maharashtra',15,'Kolhapur'),(21,'Maharashtra',16,'Latur District'),(21,'Maharashtra',17,'Mumbai District'),(21,'Maharashtra',18,'Mumbai Suburban'),(21,'Maharashtra',19,'Nagpur'),(21,'Maharashtra',20,'Nanded District'),(21,'Maharashtra',21,'Nandurbar District'),(21,'Maharashtra',22,'Nashik District'),(21,'Maharashtra',23,'Osmanabad District'),(21,'Maharashtra',24,'Parbhani District'),(21,'Maharashtra',25,'Pune'),(21,'Maharashtra',26,'Raigarh'),(21,'Maharashtra',27,'Ratnagiri District'),(21,'Maharashtra',28,'Sangli'),(21,'Maharashtra',29,'Satara District'),(21,'Maharashtra',30,'Sindhudurg'),(21,'Maharashtra',31,'Solapur'),(21,'Maharashtra',32,'Thane District'),(21,'Maharashtra',33,'Wardha District'),(21,'Maharashtra',34,'Washim District'),(21,'Maharashtra',35,'Yavatmal District'),(22,'Manipur',0,'ALL'),(22,'Manipur',1,'Bishnupur'),(22,'Manipur',2,'Chandel'),(22,'Manipur',3,'Churachandpur'),(22,'Manipur',4,'Imphal East'),(22,'Manipur',5,'Imphal West'),(22,'Manipur',6,'Senapati'),(22,'Manipur',7,'Tamenglong'),(22,'Manipur',8,'Thoubal'),(22,'Manipur',9,'Ukhrul'),(23,'Meghalaya',0,'ALL'),(23,'Meghalaya',1,'East Garo Hills'),(23,'Meghalaya',2,'East Khasi Hills'),(23,'Meghalaya',3,'Jaintia Hills'),(23,'Meghalaya',4,'Ribhoi'),(23,'Meghalaya',5,'South Garo Hills'),(23,'Meghalaya',6,'West Garo Hills'),(23,'Meghalaya',7,'West Khasi Hills'),(24,'Mizoram',0,'ALL'),(24,'Mizoram',1,'Aizawl'),(24,'Mizoram',2,'Champhai'),(24,'Mizoram',3,'Kolasib'),(24,'Mizoram',4,'Lawngtlai District'),(24,'Mizoram',5,'Lunglei District'),(24,'Mizoram',6,'Mamit'),(24,'Mizoram',7,'Saiha'),(24,'Mizoram',8,'Serchhip District'),(25,'Nagaland',0,'ALL'),(25,'Nagaland',1,'Dimapur'),(25,'Nagaland',2,'Kiphire'),(25,'Nagaland',3,'Kohima'),(25,'Nagaland',4,'Longleng'),(25,'Nagaland',5,'Mokokchung'),(25,'Nagaland',6,'Mon'),(25,'Nagaland',7,'Peren'),(25,'Nagaland',8,'Phek'),(25,'Nagaland',9,'Tuensang'),(25,'Nagaland',10,'Wokha'),(25,'Nagaland',11,'Zunheboto'),(26,'Orissa',0,'ALL'),(26,'Orissa',1,'Anugul District'),(26,'Orissa',2,'Balangir District'),(26,'Orissa',3,'Baleshwar'),(26,'Orissa',4,'Bargarh District'),(26,'Orissa',5,'Baudh'),(26,'Orissa',6,'Bhadrak'),(26,'Orissa',7,'Cuttack'),(26,'Orissa',8,'Debagarh District'),(26,'Orissa',9,'Dhenkanal'),(26,'Orissa',10,'Gajapati'),(26,'Orissa',11,'Ganjam'),(26,'Orissa',12,'Jagatsinghapur District'),(26,'Orissa',13,'Jajapur District'),(26,'Orissa',14,'Jharsuguda District'),(26,'Orissa',15,'Kalahandi'),(26,'Orissa',16,'Kandhamal'),(26,'Orissa',17,'Kendrapara District'),(26,'Orissa',18,'Kendujhar'),(26,'Orissa',19,'Khordha District'),(26,'Orissa',20,'Koraput District'),(26,'Orissa',21,'Malkangiri District'),(26,'Orissa',22,'Mayurbhanj'),(26,'Orissa',23,'Nabarangapur District'),(26,'Orissa',24,'Nayagarh District'),(26,'Orissa',25,'Nuapada District'),(26,'Orissa',26,'Puri'),(26,'Orissa',27,'Rayagada District'),(26,'Orissa',28,'Sambalpur'),(26,'Orissa',29,'Subarnapur'),(26,'Orissa',30,'Sundargarh District'),(27,'Pondicherry',0,'ALL'),(27,'Pondicherry',1,'Karaikal'),(27,'Pondicherry',2,'Mahe District'),(27,'Pondicherry',3,'Puducherry'),(27,'Pondicherry',4,'Yanam District'),(28,'Punjab',0,'ALL'),(28,'Punjab',1,'Amritsar'),(28,'Punjab',2,'Barnala District'),(28,'Punjab',3,'Bathinda District'),(28,'Punjab',4,'Faridkot District'),(28,'Punjab',5,'Fatehgarh Sahib District'),(28,'Punjab',6,'Firozpur'),(28,'Punjab',7,'Gurdaspur District'),(28,'Punjab',8,'Hoshiarpur District'),(28,'Punjab',9,'Jalandhar'),(28,'Punjab',10,'Kapurthala District'),(28,'Punjab',11,'Ludhiana'),(28,'Punjab',12,'Mansa District'),(28,'Punjab',13,'Moga District'),(28,'Punjab',14,'Muktsar District'),(28,'Punjab',15,'Patiala District'),(28,'Punjab',16,'Rupnagar District'),(28,'Punjab',17,'Sahibzada Ajit Singh Nagar'),(28,'Punjab',18,'Sangrur District'),(28,'Punjab',19,'Shahid Bhagat Singh Nagar'),(28,'Punjab',20,'Tarn Taran'),(29,'Rajasthan',0,'ALL'),(29,'Rajasthan',1,'Ajmer District'),(29,'Rajasthan',2,'Alwar District'),(29,'Rajasthan',3,'Banswara District'),(29,'Rajasthan',4,'Baran District'),(29,'Rajasthan',5,'Barmer District'),(29,'Rajasthan',6,'Bharatpur District'),(29,'Rajasthan',7,'Bhilwara Distrcit'),(29,'Rajasthan',8,'Bikaner District'),(29,'Rajasthan',9,'Bundi District'),(29,'Rajasthan',10,'Chittaurgarh District'),(29,'Rajasthan',11,'Churu District'),(29,'Rajasthan',12,'Dausa District'),(29,'Rajasthan',13,'Dhaulpur District'),(29,'Rajasthan',14,'Dungarpur District'),(29,'Rajasthan',15,'Ganganagar District'),(29,'Rajasthan',16,'Hanumangarh District'),(29,'Rajasthan',17,'Jaipur District'),(29,'Rajasthan',18,'Jaisalmer District'),(29,'Rajasthan',19,'Jalor District'),(29,'Rajasthan',20,'Jhalawar'),(29,'Rajasthan',21,'Jhunjhunun District'),(29,'Rajasthan',22,'Jodhpur District'),(29,'Rajasthan',23,'Karauli District'),(29,'Rajasthan',24,'Kota District'),(29,'Rajasthan',25,'Nagaur District'),(29,'Rajasthan',26,'Pali District'),(29,'Rajasthan',27,'Pratapgarh'),(29,'Rajasthan',28,'Rajsamand District'),(29,'Rajasthan',29,'Sawai Madhopur District'),(29,'Rajasthan',30,'Sikar District'),(29,'Rajasthan',31,'Sirohi District'),(29,'Rajasthan',32,'Tonk District'),(29,'Rajasthan',33,'Udaipur'),(30,'Sikkim',0,'ALL'),(30,'Sikkim',1,'East District'),(30,'Sikkim',2,'North District'),(30,'Sikkim',3,'South District'),(30,'Sikkim',4,'West District'),(31,'Tamil Nadu',0,'ALL'),(31,'Tamil Nadu',1,'Ariyalur District'),(31,'Tamil Nadu',2,'Chennai District'),(31,'Tamil Nadu',3,'Coimbatore'),(31,'Tamil Nadu',4,'Cuddalore District'),(31,'Tamil Nadu',5,'Dharmapuri District'),(31,'Tamil Nadu',6,'Dindigul District'),(31,'Tamil Nadu',7,'Erode District'),(31,'Tamil Nadu',8,'Kancheepuram District'),(31,'Tamil Nadu',9,'Kanniyakumari'),(31,'Tamil Nadu',10,'Karur District'),(31,'Tamil Nadu',11,'Krishnagiri'),(31,'Tamil Nadu',12,'Madurai'),(31,'Tamil Nadu',13,'Nagapattinam District'),(31,'Tamil Nadu',14,'Namakkal District'),(31,'Tamil Nadu',15,'Perambalur District'),(31,'Tamil Nadu',16,'Pudukkottai District'),(31,'Tamil Nadu',17,'Ramanathapuram District'),(31,'Tamil Nadu',18,'Salem District'),(31,'Tamil Nadu',19,'Sivaganga District'),(31,'Tamil Nadu',20,'Thanjavur District'),(31,'Tamil Nadu',21,'The Nilgiris'),(31,'Tamil Nadu',22,'Theni District'),(31,'Tamil Nadu',23,'Thiruvallur District'),(31,'Tamil Nadu',24,'Thiruvarur District'),(31,'Tamil Nadu',25,'Thoothukkudi District'),(31,'Tamil Nadu',26,'Tiruchirappalli District'),(31,'Tamil Nadu',27,'Tirunelveli District'),(31,'Tamil Nadu',28,'Tiruppur District'),(31,'Tamil Nadu',29,'Tiruvannamalai District'),(31,'Tamil Nadu',30,'Vellore District'),(31,'Tamil Nadu',31,'Viluppuram District'),(31,'Tamil Nadu',32,'Virudhunagar District'),(32,'Tripura',0,'ALL'),(32,'Tripura',1,'Dhalai'),(32,'Tripura',2,'North Tripura'),(32,'Tripura',3,'South Tripura'),(32,'Tripura',4,'West Tripura'),(33,'Uttar Pradesh',0,'ALL'),(33,'Uttar Pradesh',1,'Agra District'),(33,'Uttar Pradesh',2,'Aligarh'),(33,'Uttar Pradesh',3,'Allahabad District'),(33,'Uttar Pradesh',4,'Ambedkar Nagar'),(33,'Uttar Pradesh',5,'Auraiya District'),(33,'Uttar Pradesh',6,'Azamgarh District'),(33,'Uttar Pradesh',7,'Baghpat District'),(33,'Uttar Pradesh',8,'Bahraich District'),(33,'Uttar Pradesh',9,'Ballia District'),(33,'Uttar Pradesh',10,'Balrampur District'),(33,'Uttar Pradesh',11,'Banda District'),(33,'Uttar Pradesh',12,'Bara banki'),(33,'Uttar Pradesh',13,'Bareilly District'),(33,'Uttar Pradesh',14,'Basti District'),(33,'Uttar Pradesh',15,'Bijnor District'),(33,'Uttar Pradesh',16,'Budaun District'),(33,'Uttar Pradesh',17,'Bulandshahr District'),(33,'Uttar Pradesh',18,'Chandauli District'),(33,'Uttar Pradesh',19,'Chitrakoot'),(33,'Uttar Pradesh',20,'Deoria District'),(33,'Uttar Pradesh',21,'Etah District'),(33,'Uttar Pradesh',22,'Etawah District'),(33,'Uttar Pradesh',23,'Faizabad District'),(33,'Uttar Pradesh',24,'Farrukhabad District'),(33,'Uttar Pradesh',25,'Fatehpur District'),(33,'Uttar Pradesh',26,'Firozabad District'),(33,'Uttar Pradesh',27,'Gautam Buddha Nagar District'),(33,'Uttar Pradesh',28,'Ghaziabad District'),(33,'Uttar Pradesh',29,'Ghazipur District'),(33,'Uttar Pradesh',30,'Gonda District'),(33,'Uttar Pradesh',31,'Gorakhpur District'),(33,'Uttar Pradesh',32,'Hamirpur District UP'),(33,'Uttar Pradesh',33,'Hardoi District'),(33,'Uttar Pradesh',34,'Jalaun District'),(33,'Uttar Pradesh',35,'Jaunpur District'),(33,'Uttar Pradesh',36,'Jhansi District'),(33,'Uttar Pradesh',37,'Jyotiba Phule Nagar'),(33,'Uttar Pradesh',38,'Kannauj District'),(33,'Uttar Pradesh',39,'Kanpur Dehat'),(33,'Uttar Pradesh',40,'Kanpur Nagar'),(33,'Uttar Pradesh',41,'Kanshiram Nagar'),(33,'Uttar Pradesh',42,'Kaushambi'),(33,'Uttar Pradesh',43,'Kheri'),(33,'Uttar Pradesh',44,'Kushinagar'),(33,'Uttar Pradesh',45,'Lalitpur District'),(33,'Uttar Pradesh',46,'Lucknow District'),(33,'Uttar Pradesh',47,'Mahamaya Nagar'),(33,'Uttar Pradesh',48,'Mahoba District'),(33,'Uttar Pradesh',49,'Mahrajganj'),(33,'Uttar Pradesh',50,'Mainpuri District'),(33,'Uttar Pradesh',51,'Mathura District'),(33,'Uttar Pradesh',52,'Mau'),(33,'Uttar Pradesh',53,'Meerut District'),(33,'Uttar Pradesh',54,'Mirzapur District'),(33,'Uttar Pradesh',55,'Moradabad District'),(33,'Uttar Pradesh',56,'Muzaffarnagar District'),(33,'Uttar Pradesh',57,'Pilibhit District'),(33,'Uttar Pradesh',58,'Pratapgarh District'),(33,'Uttar Pradesh',59,'Rae Bareli District'),(33,'Uttar Pradesh',60,'Rampur District'),(33,'Uttar Pradesh',61,'Saharanpur District'),(33,'Uttar Pradesh',62,'Sant Kabir Nagar'),(33,'Uttar Pradesh',63,'Sant Ravidas Nagar Bhadohi'),(33,'Uttar Pradesh',64,'Shahjahanpur District'),(33,'Uttar Pradesh',65,'Shrawasti'),(33,'Uttar Pradesh',66,'Siddharthnagar'),(33,'Uttar Pradesh',67,'Sitapur District'),(33,'Uttar Pradesh',68,'Sonbhadra'),(33,'Uttar Pradesh',69,'Sultanpur District'),(33,'Uttar Pradesh',70,'Unnao District'),(33,'Uttar Pradesh',71,'Varanasi District'),(34,'Uttarakhand',0,'ALL'),(34,'Uttarakhand',1,'Almora District'),(34,'Uttarakhand',2,'Bageshwar District'),(34,'Uttarakhand',3,'Chamoli District'),(34,'Uttarakhand',4,'Champawat District'),(34,'Uttarakhand',5,'Dehradun District'),(34,'Uttarakhand',6,'Garhwal'),(34,'Uttarakhand',7,'Hardwar District'),(34,'Uttarakhand',8,'Nainital District'),(34,'Uttarakhand',9,'Pithoragarh District'),(34,'Uttarakhand',10,'Rudraprayag District'),(34,'Uttarakhand',11,'Tehri Garhwal'),(34,'Uttarakhand',12,'Udham Singh Nagar'),(34,'Uttarakhand',13,'Uttarkashi'),(35,'West Bengal',0,'ALL'),(35,'West Bengal',1,'Bankura'),(35,'West Bengal',2,'Barddhaman'),(35,'West Bengal',3,'Birbhum'),(35,'West Bengal',4,'Dakshin Dinajpur'),(35,'West Bengal',5,'Darjiling'),(35,'West Bengal',6,'Haora'),(35,'West Bengal',7,'Hugli'),(35,'West Bengal',8,'Jalpaiguri District'),(35,'West Bengal',9,'Koch Bihar'),(35,'West Bengal',10,'Kolkata District'),(35,'West Bengal',11,'Maldah'),(35,'West Bengal',12,'Medinipur'),(35,'West Bengal',13,'Murshidabad'),(35,'West Bengal',14,'Nadia'),(35,'West Bengal',15,'North Twenty Four Parganas'),(35,'West Bengal',16,'Paschim Medinipur'),(35,'West Bengal',17,'Purba Medinipur'),(35,'West Bengal',18,'Puruliya'),(35,'West Bengal',19,'South Twenty Four Parganas'),(35,'West Bengal',20,'Uttar Dinajpur');
/*!40000 ALTER TABLE `main_table` ENABLE KEYS */;
UNLOCK TABLES;

--
-- Table structure for table `pci_statewise`
--

DROP TABLE IF EXISTS `pci_statewise`;
/*!40101 SET @saved_cs_client     = @@character_set_client */;
/*!40101 SET character_set_client = utf8 */;
CREATE TABLE `pci_statewise` (
  `STATE_ID` int(2) NOT NULL,
  `PCI_2009_10` decimal(10,0) DEFAULT NULL,
  `PCI_2010_11` decimal(10,0) DEFAULT NULL,
  PRIMARY KEY (`STATE_ID`),
  CONSTRAINT `pci_statewise_ibfk_1` FOREIGN KEY (`STATE_ID`) REFERENCES `main_table` (`STATE_ID`)
) ENGINE=InnoDB DEFAULT CHARSET=utf8;
/*!40101 SET character_set_client = @saved_cs_client */;

--
-- Dumping data for table `pci_statewise`
--

LOCK TABLES `pci_statewise` WRITE;
/*!40000 ALTER TABLE `pci_statewise` DISABLE KEYS */;
INSERT INTO `pci_statewise` VALUES (1,56377,54992),(2,37061,40366),(3,35278,37417),(4,20193,21406),(5,12012,13632),(6,91598,99487),(7,24690,27156),(8,0,0),(9,0,0),(10,100050,108876),(11,96885,102844),(12,48511,52708),(13,54884,59221),(14,43305,47106),(15,26344,27607),(16,20646,21734),(17,38646,39301),(18,45908,49873),(19,0,0),(20,21095,22382),(21,57458,62729),(22,22359,23298),(23,33235,35932),(24,34456,36732),(25,40057,40957),(26,24275,25708),(27,74720,79333),(28,42727,44752),(29,23653,25616),(30,44186,47655),(31,46692,51928),(32,34328,37216),(33,16374,17349),(34,42292,44723),(35,30372,32228);
/*!40000 ALTER TABLE `pci_statewise` ENABLE KEYS */;
UNLOCK TABLES;

--
-- Table structure for table `pop_districtwise`
--

DROP TABLE IF EXISTS `pop_districtwise`;
/*!40101 SET @saved_cs_client     = @@character_set_client */;
/*!40101 SET character_set_client = utf8 */;
CREATE TABLE `pop_districtwise` (
  `STATE_ID` int(2) NOT NULL,
  `DIST_ID` int(2) NOT NULL,
  `POP_2001` decimal(10,0) DEFAULT NULL,
  `POP_2011` decimal(10,0) DEFAULT NULL,
  PRIMARY KEY (`STATE_ID`,`DIST_ID`),
  CONSTRAINT `pop_districtwise_ibfk_1` FOREIGN KEY (`STATE_ID`, `DIST_ID`) REFERENCES `main_table` (`STATE_ID`, `DIST_ID`)
) ENGINE=InnoDB DEFAULT CHARSET=utf8;
/*!40101 SET character_set_client = @saved_cs_client */;

--
-- Dumping data for table `pop_districtwise`
--

LOCK TABLES `pop_districtwise` WRITE;
/*!40000 ALTER TABLE `pop_districtwise` DISABLE KEYS */;
INSERT INTO `pop_districtwise` VALUES (1,1,314084,0),(1,2,42068,36819),(1,3,0,105539),(1,4,0,237586),(2,1,2488003,2737738),(2,2,3640478,4083315),(2,3,3745875,4170468),(2,4,4901420,5151549),(2,5,4465144,4889230),(2,6,3829753,4010238),(2,7,3491822,3811738),(2,8,2578927,2798214),(2,9,4187841,4529009),(2,10,3529494,4046601),(2,11,3513934,4042191),(2,12,2670097,3031877),(2,13,3247982,3483648),(2,14,2345685,2552073),(2,15,3059423,3392764),(2,16,3575064,5296396),(2,17,2668564,2966082),(2,18,2537593,2699471),(2,19,3832336,4288113),(2,20,2249254,2342868),(2,21,3246004,3522644),(2,22,3803517,3934782),(2,23,2601797,2884524),(3,1,0,21089),(3,2,125422,147951),(3,3,57720,7948),(3,4,57179,78413),(3,5,87397,99019),(3,6,0,89717),(3,7,143527,145538),(3,8,0,53986),(3,9,98244,82839),(3,10,122003,176385),(3,11,38924,49950),(3,12,100326,111997),(3,13,33363,35289),(3,14,55346,83205),(3,15,74599,87013),(3,16,103918,112272),(4,1,0,953773),(4,2,1647201,1693190),(4,3,904835,732639),(4,4,1444921,1736319),(4,5,0,481818),(4,6,1504320,908090),(4,7,571944,688077),(4,8,1637344,1948632),(4,9,1185072,1327748),(4,10,188079,213529),(4,11,822035,1008959),(4,12,946279,1058674),(4,13,542872,659260),(4,14,999221,1091295),(4,15,2522324,1517202),(4,16,0,1260419),(4,17,813311,965280),(4,18,1007976,1217002),(4,19,905764,886999),(4,20,889010,1040644),(4,21,776256,957853),(4,22,2314629,2826006),(4,23,1148824,769919),(4,24,1051736,1150253),(4,25,1681513,1925975),(4,26,1150062,1316948),(4,27,0,832769),(5,1,2158608,2806200),(5,2,0,699563),(5,3,2013055,2511243),(5,4,1608773,2029339),(5,5,2349366,2954367),(5,6,2423172,3032226),(5,7,2243144,2720155),(5,8,1402396,1707643),(5,9,3295789,3921971),(5,10,3473428,4379383),(5,11,2152638,2558037),(5,12,1398796,1756078),(5,13,1514315,1124176),(5,14,1289074,1626900),(5,15,2392638,3068149),(5,16,1280354,1657599),(5,17,1296348,1690948),(5,18,802225,1000717),(5,19,1526646,1994618),(5,20,3575281,4476044),(5,21,1137797,1359054),(5,22,3746714,4778610),(5,23,2370528,2872523),(5,24,1809696,2216653),(5,25,3043466,3922780),(5,26,4718592,5772804),(5,27,3939773,5082868),(5,28,2543942,3273127),(5,29,2450748,2962593),(5,30,1508182,1897102),(5,31,3394793,4254782),(5,32,3248701,3943098),(5,33,525502,634927),(5,34,515961,656916),(5,35,2682720,3419622),(5,36,2714349,3318176),(5,37,1732578,2228397),(5,38,2718421,3495249),(6,1,900635,1054686),(7,1,1306673,1411644),(7,2,0,255180),(7,3,1998355,2662077),(7,4,719487,532791),(7,5,706591,799199),(7,6,2810436,3343079),(7,7,1317431,1620632),(7,8,743160,852043),(7,9,584552,822239),(7,10,1011823,1206563),(7,11,586327,659039),(7,12,860257,1032275),(7,13,0,140206),(7,14,1265529,1493627),(7,15,3016930,4062160),(7,16,1283224,1537520),(7,17,1972094,2361329),(7,18,650934,748593),(8,1,220490,342853),(9,1,113989,190855),(9,2,44215,52056),(10,1,646385,578671),(10,2,1463583,1707725),(10,3,179112,133713),(10,4,781525,883418),(10,5,1768061,2240749),(10,6,2860869,3651261),(10,7,2267023,2733752),(10,8,1755041,2292363),(10,9,2128908,2531583),(11,1,758573,817761),(11,2,589095,639962),(12,1,5816519,7208200),(12,2,1393918,1513614),(12,3,1856872,2090276),(12,4,2504244,3116045),(12,5,1370656,1550822),(12,6,2469630,2877961),(12,7,1636433,2126558),(12,8,1334455,1387478),(12,9,1904278,2159130),(12,10,2448173,2742291),(12,11,1583225,2090313),(12,12,2024216,2298934),(12,13,1837892,2027727),(12,14,514404,590379),(12,15,1229463,1330711),(12,16,2025277,2388267),(12,17,1182709,1342746),(12,18,536835,586062),(12,19,3169881,3799770),(12,20,2082531,2427346),(12,21,4995174,6079231),(12,22,1515148,1755873),(12,23,0,806489),(12,24,186729,226769),(12,25,3641802,4157568),(12,26,1410553,1703068),(13,1,1014411,1136784),(13,2,1425022,1629109),(13,3,2194586,1798954),(13,4,806158,941522),(13,5,1660289,1514085),(13,6,1537117,1742815),(13,7,880072,956907),(13,8,1189827,1332042),(13,9,946131,1072861),(13,10,1274183,1506323),(13,11,825454,964231),(13,12,812521,921680),(13,13,0,1089406),(13,14,0,1040493),(13,15,468411,558890),(13,16,967449,1202811),(13,17,765351,896129),(13,18,940128,1058683),(13,19,1116649,1295114),(13,20,1279175,1480080),(13,21,1041630,1214162),(14,1,340885,382056),(14,2,460887,518844),(14,3,412700,454293),(14,4,1339030,1507223),(14,5,78334,84298),(14,6,381571,437474),(14,7,33224,31528),(14,8,901344,999518),(14,9,722502,813384),(14,10,458593,530164),(14,11,500557,576670),(14,12,448273,521057),(15,1,1172434,1069749),(15,2,629309,755331),(15,3,0,385099),(15,4,1169780,1015503),(15,5,691929,409576),(15,6,0,297003),(15,7,1588772,1526406),(15,8,119307,143388),(15,9,550084,615711),(15,10,0,231037),(15,11,0,423181),(15,12,650393,875564),(15,13,117232,147104),(15,14,652607,570060),(15,15,372613,476820),(15,16,483284,619266),(15,17,0,283313),(15,18,0,314714),(15,19,0,318611),(15,20,0,265960),(15,21,1202447,1250173),(15,22,743509,555357),(16,1,1777662,2061918),(16,2,791434,1042304),(16,3,1165390,1491879),(16,4,2397102,2682662),(16,5,1759602,1321096),(16,6,1035464,1322387),(16,7,1904430,2445203),(16,8,1047939,1311382),(16,9,1346767,1025656),(16,10,2277475,1734005),(16,11,0,790207),(16,12,0,530299),(16,13,499403,717169),(16,14,0,725673),(16,15,364521,461738),(16,16,701664,899200),(16,17,2098359,1936319),(16,18,2082795,1501619),(16,19,1982988,2291032),(16,20,0,949159),(16,21,2785064,2912022),(16,22,927770,1150038),(16,23,0,1063458),(16,24,0,599813),(17,1,1651892,1890826),(17,2,6537124,9588910),(17,3,1881514,987257),(17,4,4214505,4778439),(17,5,2027140,2532383),(17,6,1502373,1700018),(17,7,1806918,2175102),(17,8,965462,1020962),(17,9,0,1254377),(17,10,1140905,1137753),(17,11,1517896,1660378),(17,12,1897730,2083625),(17,13,1790952,1946905),(17,14,1604253,1846993),(17,15,971835,1065235),(17,16,3130922,2564892),(17,17,1721669,1776221),(17,18,1439116,1598506),(17,19,548561,554762),(17,20,2536069,1540231),(17,21,1196089,1391292),(17,22,1763705,1808680),(17,23,2641027,2994744),(17,24,1669762,1924773),(17,25,0,1082739),(17,26,1642545,1755512),(17,27,2584711,2681449),(17,28,1112243,1177908),(17,29,1353644,1436847),(17,30,0,1172985),(18,1,2109160,2121943),(18,2,3105798,3279860),(18,3,1129221,1107453),(18,4,2408956,2525637),(18,5,1204078,1302600),(18,6,2585208,2629703),(18,7,1953646,1979384),(18,8,2879131,3089543),(18,9,3625471,4110956),(18,10,2617482,2810892),(18,11,1234016,1195537),(18,12,3234356,3307284),(18,13,2974232,3110327),(18,14,780619,816558),(19,1,60650,64429),(20,1,0,728677),(20,2,0,749521),(20,3,0,844979),(20,4,1497968,1701156),(20,5,1081441,1385659),(20,6,1395175,1575247),(20,7,1428559,1703562),(20,8,1843510,2368145),(20,9,0,756993),(20,10,1474723,1762857),(20,11,1849283,2090306),(20,12,1083949,1263703),(20,13,628240,786375),(20,14,1308223,1563107),(20,15,1740329,2184672),(20,16,580730,704218),(20,17,1713134,1309443),(20,18,1666767,1240938),(20,19,1632109,2030543),(20,20,474416,570302),(20,21,1084265,1240975),(20,22,2465827,3272335),(20,23,2151203,2460714),(20,24,1394561,1024091),(20,25,1064167,1291684),(20,26,894236,1053522),(20,27,1183724,1339832),(20,28,1592714,1965137),(20,29,957646,1092141),(20,30,726070,825958),(20,31,856558,1016028),(20,32,1125154,1331699),(20,33,1254085,1546541),(20,34,1215393,1454483),(20,35,1973306,2363744),(20,36,2021987,2378295),(20,37,1870104,2228619),(20,38,1078912,1311008),(20,39,1166608,1378876),(20,40,1575303,1064989),(20,41,1290685,1512353),(20,42,559495,687952),(20,43,1441950,1725818),(20,44,1831152,1126515),(20,45,0,1178132),(20,46,1202998,1444920),(20,47,1710982,1986597),(20,48,515963,643579),(20,49,1214857,1458212),(20,50,1529562,1872413),(21,1,4040642,4543083),(21,2,1630239,1818617),(21,3,2607160,2887826),(21,4,2897013,3695928),(21,5,1136146,1198810),(21,6,2161250,2585962),(21,7,2232480,2588039),(21,8,2071101,2194262),(21,9,1707947,2048781),(21,10,970294,1071795),(21,11,1200707,1322331),(21,12,987160,1178973),(21,13,3682690,4224442),(21,14,1612980,1958483),(21,15,3523162,3874015),(21,16,2080285,2455543),(21,17,3338031,3145966),(21,18,8640419,9332481),(21,19,4067637,4653171),(21,20,2876259,3356566),(21,21,1311709,1646177),(21,22,4993796,6109052),(21,23,1486586,1660311),(21,24,1527715,1835982),(21,25,7232555,9426959),(21,26,2207929,2635394),(21,27,1696777,1612672),(21,28,2583524,2820575),(21,29,2808994,3003922),(21,30,868825,848868),(21,31,3849543,4315527),(21,32,8131849,11054131),(21,33,1236736,1296157),(21,34,1020216,1196714),(21,35,2458271,2775457),(22,1,208368,240363),(22,2,118327,144028),(22,3,227905,271274),(22,4,394876,452661),(22,5,444382,514683),(22,6,283621,354972),(22,7,111499,140143),(22,8,364140,420517),(22,9,140778,183115),(23,1,250582,317618),(23,2,660923,824059),(23,3,299108,392852),(23,4,192790,258380),(23,5,100980,142574),(23,6,518390,642923),(23,7,296049,385601),(24,1,325676,404054),(24,2,108392,125370),(24,3,65960,83054),(24,4,73620,117444),(24,5,137223,154094),(24,6,62785,85757),(24,7,61056,56366),(24,8,53861,64875),(25,1,309024,379769),(25,2,0,74033),(25,3,310084,270063),(25,4,0,50593),(25,5,232085,193171),(25,6,260652,250671),(25,7,0,94954),(25,8,148195,163294),(25,9,414818,196801),(25,10,161223,166239),(25,11,153955,141014),(26,1,1140003,1271703),(26,2,1337194,1648574),(26,3,2024508,2317419),(26,4,1346336,1478833),(26,5,373372,439917),(26,6,1333749,1506522),(26,7,2341094,2618708),(26,8,274108,312164),(26,9,1066878,1192948),(26,10,518837,575880),(26,11,3160635,3520151),(26,12,1057629,1136604),(26,13,1624341,1826275),(26,14,509716,579499),(26,15,1335494,1573054),(26,16,648201,731952),(26,17,1302005,1439891),(26,18,1561990,1802777),(26,19,1877395,2246341),(26,20,1180637,1376934),(26,21,504198,612727),(26,22,2223456,2513895),(26,23,1025766,1218762),(26,24,864516,962215),(26,25,530690,606490),(26,26,1502682,1697983),(26,27,831109,961959),(26,28,935613,1044410),(26,29,541835,652107),(26,30,1830673,2080664),(27,1,170791,200314),(27,2,36828,41934),(27,3,735332,946600),(27,4,31394,55616),(28,1,3096077,2490891),(28,2,0,596294),(28,3,1183295,1388859),(28,4,550892,618008),(28,5,538041,599814),(28,6,1746107,2026831),(28,7,2104011,2299026),(28,8,1480736,1582793),(28,9,1962700,2181753),(28,10,754521,817668),(28,11,3032831,3487882),(28,12,688758,768808),(28,13,894854,992289),(28,14,777493,902702),(28,15,1844934,1892282),(28,16,1116108,683349),(28,17,0,986147),(28,18,2000173,1654408),(28,19,587468,614362),(28,20,0,1120070),(29,1,2181670,2584913),(29,2,2992592,3671999),(29,3,1501589,1798194),(29,4,1021653,1223921),(29,5,1964835,2604453),(29,6,2101142,2549121),(29,7,2013789,2410459),(29,8,1674271,2367745),(29,9,962620,1113725),(29,10,1803524,1544392),(29,11,1923878,2041172),(29,12,1317063,1637226),(29,13,983258,1207293),(29,14,1107643,1388906),(29,15,1789423,1969520),(29,16,1518005,1779650),(29,17,5251071,6663971),(29,18,508247,672008),(29,19,1448940,1830151),(29,20,1180323,1411327),(29,21,1913689,2139658),(29,22,2886505,3685681),(29,23,1209665,1458459),(29,24,1568525,1950491),(29,25,2775058,3309234),(29,26,1820251,2038533),(29,27,0,868231),(29,28,987024,1158283),(29,29,1117057,1338114),(29,30,2287788,2677737),(29,31,851107,1037185),(29,32,1211671,1421711),(29,33,2633312,3067549),(30,1,245040,281293),(30,2,41030,43354),(30,3,131525,146742),(30,4,123256,136299),(31,1,695524,752481),(31,2,4343645,4681087),(31,3,4271856,3472578),(31,4,2285395,2600880),(31,5,2856300,1502900),(31,6,1923014,2161367),(31,7,2581500,2259608),(31,8,2877468,3990897),(31,9,1676034,1863174),(31,10,935686,1076588),(31,11,0,1883731),(31,12,2578201,3041038),(31,13,1488839,1614069),(31,14,1493462,1721179),(31,15,493646,564511),(31,16,1459601,1618725),(31,17,1187604,1337560),(31,18,3016346,3480008),(31,19,1155356,1341250),(31,20,2216138,2402781),(31,21,762141,735071),(31,22,1093950,1243684),(31,23,2754756,3725697),(31,24,1169474,1268094),(31,25,1572273,1738376),(31,26,2418366,2713858),(31,27,2723988,3072880),(31,28,0,2471222),(31,29,2186125,2468965),(31,30,3477317,3928106),(31,31,2960373,3463284),(31,32,1751301,1943309),(32,1,307868,377988),(32,2,590913,693281),(32,3,767440,875144),(32,4,1532982,1724619),(33,1,3620436,4380793),(33,2,2992286,3673849),(33,3,4936105,5959798),(33,4,2026876,2398709),(33,5,1179993,1372287),(33,6,3939916,4616509),(33,7,1163991,1302156),(33,8,2381072,3478257),(33,9,2761620,3223642),(33,10,1682350,2149066),(33,11,1537334,1799541),(33,12,2673581,3257983),(33,13,3618589,4465344),(33,14,2084814,2461056),(33,15,3131619,3683896),(33,16,3069426,3712738),(33,17,2913122,3498507),(33,18,1643251,1952713),(33,19,766225,990626),(33,20,2712650,3098637),(33,21,2790410,1761152),(33,22,1338871,1579160),(33,23,2088928,2468371),(33,24,1570408,1887577),(33,25,2308384,2632684),(33,26,2052958,2496761),(33,27,1202030,1674714),(33,28,3290586,4661452),(33,29,3037582,3622727),(33,30,2765586,3431386),(33,31,3769456,4436275),(33,32,1043724,1104021),(33,33,3398306,4091380),(33,34,1454452,1670718),(33,35,3911679,4476072),(33,36,1744931,2000755),(33,37,1499068,1838771),(33,38,1388923,1658005),(33,39,1563336,1795092),(33,40,4167999,4572951),(33,41,0,1438156),(33,42,1293154,1596909),(33,43,3207232,4013634),(33,44,2893196,3560830),(33,45,977734,1218002),(33,46,3647834,4588455),(33,47,1336031,1565678),(33,48,708447,876055),(33,49,2173878,2665292),(33,50,1596718,1847194),(33,51,2074516,2541894),(33,52,1853997,2205170),(33,53,2997361,3447405),(33,54,2116042,2494533),(33,55,3810983,4773138),(33,56,3543362,4138605),(33,57,1645183,2037225),(33,58,2731174,3173752),(33,59,2872335,3404004),(33,60,1923739,2335398),(33,61,2896863,3464228),(33,62,1420226,1714300),(33,63,1353705,1554203),(33,64,2547855,3002376),(33,65,1176391,1114615),(33,66,2040085,2553526),(33,67,3619661,4474446),(33,68,1463519,1862612),(33,69,3214832,3790922),(33,70,2700324,3110595),(33,71,3138671,3682194),(34,1,630567,621927),(34,2,249462,259840),(34,3,370359,391114),(34,4,224542,259315),(34,5,1282143,1698560),(34,6,697078,686527),(34,7,1447187,1927029),(34,8,762909,955128),(34,9,462289,485993),(34,10,227439,236857),(34,11,604747,616409),(34,12,1235614,1648367),(34,13,295013,329686),(35,1,3192695,3596292),(35,2,6895514,7723663),(35,3,3015422,3502387),(35,4,1503178,1670931),(35,5,1609172,1842034),(35,6,4273099,4841638),(35,7,5041976,5520389),(35,8,3401173,3869675),(35,9,2479155,2822780),(35,10,4572876,4486679),(35,11,3290468,3997970),(35,12,9610788,0),(35,13,5866569,7102430),(35,14,4604827,5168488),(35,15,8934286,10082852),(35,16,0,5943300),(35,17,0,5094238),(35,18,2536516,2927965),(35,19,6906689,8153176),(35,20,2441794,3000849);
/*!40000 ALTER TABLE `pop_districtwise` ENABLE KEYS */;
UNLOCK TABLES;
/*!40103 SET TIME_ZONE=@OLD_TIME_ZONE */;

/*!40101 SET SQL_MODE=@OLD_SQL_MODE */;
/*!40014 SET FOREIGN_KEY_CHECKS=@OLD_FOREIGN_KEY_CHECKS */;
/*!40014 SET UNIQUE_CHECKS=@OLD_UNIQUE_CHECKS */;
/*!40101 SET CHARACTER_SET_CLIENT=@OLD_CHARACTER_SET_CLIENT */;
/*!40101 SET CHARACTER_SET_RESULTS=@OLD_CHARACTER_SET_RESULTS */;
/*!40101 SET COLLATION_CONNECTION=@OLD_COLLATION_CONNECTION */;
/*!40111 SET SQL_NOTES=@OLD_SQL_NOTES */;

-- Dump completed on 2016-02-01 19:45:00
